"","V1","V2"
"1","SL18-OI-4",""
"2","SL18-OI-5",""
"3","SL18-OI-6",""
"4","SL18-OI-11",""
"5","SL18-OI-15",""
"6","SL18-OI-16",""
"7","SL18-OI-17",""
"8","SL18-OI-18",""
"9","SL18-LD-1",""
"10","SL18-LD-3",""
"11","SL18-LD-4",""
"12","SL18-LD-5",""
"13","SL18-LD-9",""
"14","SL18-LD-10",""
"15","SL18-LD-13",""
"16","SL18-FW-2",""
"17","SL18-FI-1",""
"18","SL18-FI-2",""
"19","SL18-CC-1",""
"20","SL18-CC-2",""
"21","SL18-CC-3",""
"22","SL18-CC-4",""
"23","SL18-CC-5",""
"24","SL18-CC-6",""
"25","SL18-CC-7",""
"26","SL18-CC-8",""
"27","SL18-CC-9",""
"28","SL18-CC-10",""
"29","SL18-CC-11",""
"30","SL18-CC-12",""
"31","SL18-FW-14",""
"32","SL18-NC-2",""
"33","SL18-NC-1",""
"34","SL18-NC-5",""
"35","SL18-JS-6",""
"36","SL18-JS-5",""
"37","SL18-JS-9",""
"38","SL18-NC-8",""
"39","SL18-NC-10",""
"40","SL18-NC-9",""
"41","SL18-NC-12",""
"42","SL18-NL-2",""
"43","SL18-NL-3",""
"44","SL18-NL-5",""
"45","SL18-NL-7",""
"46","SL18-NL-6",""
"47","SL18-NL-9",""
"48","SL18-NL-10",""
"49","SL18-JS-19",""
"50","SL18-JS-16",""
"51","SL18-JS-11",""
"52","SL18-BL-10",""
"53","SL18-BL-11",""
"54","SL18-BL-12",""
"55","SL18-BL-13",""
"56","SL18-BL-14",""
"57","SA18-CB-10",""
"58","SL18-OI-2",""
"59","SL18-OI-7",""
"60","SL18-OI-9",""
"61","SL18-SF-13",""
"62","SL18-SF-17",""
"63","SA18-CB-4",""
"64","SL18-LD-2",""
"65","SA18-CB-7",""
"66","SL18-LL-9",""
"67","SL18-NC-11",""
"68","SL18-OD-5",""
"69","SA18-CB-9",""
"70","SA18-CB-2",""
"71","SA18-CB-5",""
"72","SL18-NC-15",""
"73","SL18-SF-19",""
"74","SL18-OI-14",""
"75","SL18-SF-15",""
"76","SA18-CB-1",""
"77","SA18-CB-3",""
"78","SL18-OD-6",""
"79","SL18-OD-3",""
"80","SA18-CB-10-FG1",""
"81","SL18-LD-10-FG1",""
"82","SL18-NL-6-FG1",""
"83","SL18-LD-10-FG2",""
"84","SL18-NL-9-FG2",""
"85","SL18-OI-11-FG1",""
"86","SL18-OI-15-FG1",""
"87","SL18-OI-16-FG3",""
"88","SL18-LD-13-FG2",""
"89","SL18-OI-17-FG1",""
"90","SL18-OI-17-FG2",""
"91","SL18-OI-18-FG1",""
"92","SL18-OI-18-FG2",""
"93","SL18-OI-18-FG3",""
"94","SL18-OI-18-FG5",""
"95","SL18-OI-18-FG6",""
"96","SL18-OI-2-FG2",""
"97","SL18-LD-1-FG1",""
"98","SL18-OI-2-FG3",""
"99","SL18-OI-6-FG1",""
"100","SL18-OI-7-FG3",""
"101","SL18-OI-9-FG1",""
"102","SL18-SF-13-FG1",""
"103","SL18-LD-1-FG2",""
"104","SL18-SF-17-FG1",""
"105","SL18-SF-17-FG3",""
"106","SA18-CB-10-FG2",""
"107","SL18-LD-1-FG3",""
"108","SA18-CB-4-FG3",""
"109","SL18-LD-2-FG2",""
"110","SL18-LD-3-FG1",""
"111","SL18-LD-3-FG2",""
"112","SL18-LD-4-FG1",""
"113","SL18-LD-4-FG2",""
"114","SL18-LD-4-FG3",""
"115","SL18-LD-5-FG1",""
"116","SA18-CB-7-FG1",""
"117","SL18-LD-9-FG2",""
"118","SL18-LD-9-FG3",""
"119","SL18-LL-9-FG3",""
"120","SL18-NL-10-FG1",""
"121","SL18-NL-10-FG3",""
"122","SL18-NL-2-FG1",""
"123","SL18-NL-2-FG3",""
"124","SL18-NL-3-FG1",""
"125","SL18-NL-3-FG2",""
"126","SL18-NL-3-FG3",""
"127","SL18-OI-11-FG3",""
"128","SL18-JS-16-FG3",""
"129","SL18-OI-5-FG5",""
"130","SL18-CC-1-FG2",""
"131","SL18-NC-11-FG1",""
"132","SL18-CC-5-FG2",""
"133","SL18-CC-5-FG3",""
"134","SL18-CC-11-FG3",""
"135","SL18-JS-16-FG1",""
"136","SL18-NC-12-FG2",""
"137","SL18-OD-5-FG1",""
"138","SL18-CC-1-FG3",""
"139","SA18-CB-9-FG1",""
"140","SL18-CC-5-FG1",""
"141","SL18-CC-12-FG3",""
"142","SL18-SF-17-FG2",""
"143","SL18-JS-5-FG1",""
"144","SL18-OD-5-FG3",""
"145","SL18-LL-9-FG6",""
"146","SL18-OI-15-FG2",""
"147","SA18-CB-2-FG3",""
"148","SA18-CB-5-FG4",""
"149","SL18-CC-3-FG1",""
"150","SL18-NC-10-FG1",""
"151","SL18-OI-17-FG4",""
"152","SL18-CC-3-FG2",""
"153","SL18-CC-1-FG1",""
"154","SL18-OI-4-FG2",""
"155","SL18-CC-8-FG2",""
"156","SL18-OI-6-FG2",""
"157","SL18-CC-12-FG2",""
"158","SL18-NC-10-FG3",""
"159","SL18-OI-6-FG3",""
"160","SL18-CC-8-FG1",""
"161","SL18-CC-9-FG3",""
"162","SL18-NC-9-FG2",""
"163","SL18-LD-9-FG4",""
"164","SL18-OI-9-FG4",""
"165","SL18-NC-5-FG2",""
"166","SL18-CC-6-FG3",""
"167","SL18-NL-7-FG4",""
"168","SL18-CC-3-FG3",""
"169","SL18-CC-6-FG2",""
"170","SL18-JS-19-FG3",""
"171","SL18-NC-1-FG1",""
"172","SL18-NC-15-FG3",""
"173","SL18-LL-9-FG2",""
"174","SA18-CB-4-FG6",""
"175","SA18-CB-5-FG6",""
"176","SL18-JS-9-FG3",""
"177","SL18-SF-13-FG2",""
"178","SL18-JS-19-FG2",""
"179","SL18-CC-6-FG1",""
"180","SL18-NL-5-FG1",""
"181","SL18-NC-8-FG1",""
"182","SL18-JS-5-FG2",""
"183","SL18-CC-10-FG4",""
"184","SL18-NC-5-FG3",""
"185","SL18-OI-16-FG2",""
"186","SL18-SF-19-MG2",""
"187","SL18-OI-4-MG1",""
"188","SL18-OI-11-MG2",""
"189","SL18-OI-14-MG2",""
"190","SL18-OI-15-MG1",""
"191","SL18-OI-16-MG1",""
"192","SL18-SF-17-MG1",""
"193","SA18-CB-7-MG2",""
"194","SL18-NL-3-MG2",""
"195","SA18-CB-7-MG1",""
"196","SL18-SF-19-MG1",""
"197","SL18-SF-15-MG2",""
"198","SA18-CB-2-MG3",""
"199","SL18-NL-5-MG1",""
"200","SL18-SF-15-MG1",""
"201","SA18-CB-4-MG3",""
"202","SA18-CB-5-MG3",""
"203","SL18-LD-13-MG2",""
"204","SL18-LD-3-MG2",""
"205","SL18-NL-6-MG1",""
"206","SL18-SF-17-MG2",""
"207","SL18-SF-13-MG2",""
"208","SL18-OI-9-MG3",""
"209","SL18-LD-10-MG1",""
"210","SL18-LD-9-MG1",""
"211","SL18-NL-2-MG2",""
"212","SL18-LD-2-MG3",""
"213","SL18-LL-9-MG1",""
"214","SL18-OI-7-MG1",""
"215","SL18-LD-2-MG1",""
"216","SA18-CB-1-MG2",""
"217","SL18-LD-1-MG2",""
"218","SL18-NL-9-MG1",""
"219","SA18-CB-2-MG1",""
"220","SA18-CB-4-MG1",""
"221","SL18-LD-5-MG1",""
"222","SL18-OI-18-MG1",""
"223","SL18-LL-9-MG2",""
"224","SL18-LL-9-MG3",""
"225","SA18-CB-10-MG1",""
"226","SA18-CB-3-MG3",""
"227","SL18-NL-10-MG2",""
"228","SL18-NL-2-MG3",""
"229","SL18-SF-13-MG3",""
"230","SL18-OI-6-MG2",""
"231","SL18-NL-9-MG2",""
"232","SL18-OI-15-MG2",""
"233","SL18-SF-17-MG3",""
"234","SL18-NL-7-MG1",""
"235","SL18-SF-13-MG1",""
"236","SA18-CB-2-MG2",""
"237","SL18-NL-2-MG1",""
"238","SL18-CC-1-MG3",""
"239","SL18-NC-10-MG3",""
"240","SA18-CB-7-MG3",""
"241","SL18-OI-14-MG1",""
"242","SL18-CC-3-MG1",""
"243","SL18-CC-4-MG11",""
"244","SL18-JS-16-MG1",""
"245","SL18-CC-8-MG2",""
"246","SL18-OI-9-MG2",""
"247","SL18-JS-5-MG3",""
"248","SL18-JS-9-MG1",""
"249","SL18-NC-1-MG1",""
"250","SL18-LD-2-MG4",""
"251","SA18-CB-1-MG12",""
"252","SL18-JS-5-MG2",""
"253","SA18-CB-10-MG3",""
"254","SL18-NC-9-MG1",""
"255","SL18-JS-6-MG3",""
"256","SL18-LD-2-MG2",""
"257","SL18-NC-5-MG1",""
"258","SL18-JS-6-MG2",""
"259","SL18-OI-16-MG3",""
"260","SL18-OI-2-MG2",""
"261","SL18-JS-19-MG2",""
"262","SL18-OD-6-MG2",""
"263","SL18-NC-15-MG1",""
"264","SA18-CB-4-MG2",""
"265","SL18-OD-6-MG1",""
"266","SL18-OI-15-MG3",""
"267","SL18-NC-2-MG3",""
"268","SA18-CB-1-MG13",""
"269","SL18-OI-4-MG3",""
"270","SL18-NL-5-MG2",""
"271","SL18-NC-9-MG2",""
"272","SL18-CC-11-MG5",""
"273","SL18-OI-11-MG4",""
"274","SL18-JS-9-MG3",""
"275","SL18-NC-10-MG2",""
"276","SL18-NC-2-MG1",""
"277","SL18-JS-11-MG3",""
"278","SL18-OI-11-MG3",""
"279","SL18-OI-18-MG3",""
"280","SL18-JS-9-MG2",""
"281","SL18-NC-15-MG3",""
"282","SL18-JS-19-MG1",""
"283","SL18-OD-3-MG1",""
"284","SL18-NC-5-MG3",""
"285","SA18-CB-3-MG1",""
"286","SL18-OD-6-MG3",""
"287","SA18-CB-3-MG2",""
"288","SL18-NC-12-MG3",""
"289","SL18-CC-1-MG2",""
"290","SL18-NC-12-MG1",""
"291","SL18-JS-11-MG2",""
"292","SL18-CC-6-MG2",""
"293","SL18-OI-17-MG1",""
"294","SL18-CC-7-MG1",""
"295","SL18-JS-6-MG1",""
"296","SL18-LD-13-MG3",""
"297","SL18-CC-2-MG5",""
"298","SL18-OI-7-MG3",""
"299","SL18-OI-16-MG2",""
"300","SL18-NC-8-MG2",""
"301","SL18-LL-9-MG4",""
"302","SL18-NL-7-MG2",""
"303","SL18-OI-5-MG3",""
"304","SL18-NC-2-MG2",""
"305","SL18-NC-11-MG2",""
"306","SL18-LD-1-MG1",""
"307","SA18-CB-10-FG1xSL18-SF-19-MG2","CrossesSA18-CB-10-FG1xSL18-SF-19-MG2"
"308","SL18-LD-10-FG1xSL18-OI-4-MG1","CrossesSA18-CB-10-FG2xSL18-LL-9-MG1"
"309","SL18-NL-6-FG1xSL18-OI-11-MG2","CrossesSA18-CB-2-FG3xSL18-CC-2-MG5"
"310","SL18-NL-6-FG1xSL18-OI-14-MG2","CrossesSA18-CB-2-FG3xSL18-NC-9-MG1"
"311","SL18-NL-6-FG1xSL18-OI-15-MG1","CrossesSA18-CB-2-FG3xSL18-OI-2-MG2"
"312","SL18-NL-6-FG1xSL18-OI-16-MG1","CrossesSA18-CB-4-FG3xSA18-CB-4-MG3"
"313","SL18-NL-6-FG1xSL18-SF-17-MG1","CrossesSA18-CB-4-FG6xSL18-JS-6-MG3"
"314","SL18-NL-6-FG1xSL18-SF-19-MG2","CrossesSA18-CB-5-FG4xSL18-CC-1-MG3"
"315","SL18-LD-10-FG2xSA18-CB-7-MG2","CrossesSA18-CB-5-FG6xSL18-CC-6-MG2"
"316","SL18-LD-10-FG2xSL18-NL-3-MG2","CrossesSA18-CB-7-FG1xSL18-LD-1-MG1"
"317","SL18-NL-9-FG2xSA18-CB-7-MG1","CrossesSA18-CB-7-FG1xSL18-LL-9-MG3"
"318","SL18-NL-9-FG2xSL18-SF-19-MG1","CrossesSA18-CB-9-FG1xSL18-JS-19-MG1"
"319","SL18-OI-11-FG1xSL18-SF-15-MG2","CrossesSA18-CB-9-FG1xSL18-JS-5-MG3"
"320","SL18-OI-15-FG1xSA18-CB-2-MG3","CrossesSA18-CB-9-FG1xSL18-OI-7-MG3"
"321","SL18-OI-15-FG1xSL18-NL-5-MG1","CrossesSL18-CC-1-FG1xSL18-CC-4-MG11"
"322","SL18-OI-15-FG1xSL18-SF-15-MG1","CrossesSL18-CC-1-FG1xSL18-NC-15-MG3"
"323","SL18-OI-16-FG3xSA18-CB-4-MG3","CrossesSL18-CC-1-FG1xSL18-OI-16-MG3"
"324","SL18-OI-16-FG3xSA18-CB-5-MG3","CrossesSL18-CC-1-FG2xSL18-NC-11-MG2"
"325","SL18-LD-13-FG2xSL18-LD-13-MG2","CrossesSL18-CC-1-FG2xSL18-OI-16-MG1"
"326","SL18-OI-16-FG3xSL18-LD-3-MG2","CrossesSL18-CC-1-FG2xSL18-OI-16-MG3"
"327","SL18-OI-16-FG3xSL18-NL-6-MG1","CrossesSL18-CC-1-FG3xSL18-OI-9-MG2"
"328","SL18-OI-16-FG3xSL18-SF-17-MG2","CrossesSL18-CC-10-FG4xSL18-NC-2-MG2"
"329","SL18-OI-17-FG1xSL18-SF-13-MG2","CrossesSL18-CC-11-FG3xSA18-CB-3-MG3"
"330","SL18-OI-17-FG2xSL18-SF-17-MG2","CrossesSL18-CC-11-FG3xSL18-CC-3-MG1"
"331","SL18-OI-18-FG1xSL18-OI-9-MG3","CrossesSL18-CC-11-FG3xSL18-JS-16-MG1"
"332","SL18-OI-18-FG2xSA18-CB-7-MG1","CrossesSL18-CC-11-FG3xSL18-NC-2-MG3"
"333","SL18-OI-18-FG2xSL18-LD-10-MG1","CrossesSL18-CC-12-FG2xSL18-LL-9-MG4"
"334","SL18-OI-18-FG2xSL18-LD-9-MG1","CrossesSL18-CC-12-FG2xSL18-OI-15-MG2"
"335","SL18-OI-18-FG2xSL18-NL-2-MG2","CrossesSL18-CC-12-FG3xSL18-NC-11-MG2"
"336","SL18-OI-18-FG2xSL18-LD-2-MG3","CrossesSL18-CC-12-FG3xSL18-OI-15-MG2"
"337","SL18-OI-18-FG3xSL18-LL-9-MG1","CrossesSL18-CC-12-FG3xSL18-OI-15-MG3"
"338","SL18-OI-18-FG3xSL18-OI-7-MG1","CrossesSL18-CC-3-FG1xSL18-JS-11-MG2"
"339","SL18-OI-18-FG5xSA18-CB-4-MG3","CrossesSL18-CC-3-FG1xSL18-JS-5-MG2"
"340","SL18-OI-18-FG5xSL18-LD-2-MG1","CrossesSL18-CC-3-FG1xSL18-JS-6-MG3"
"341","SL18-OI-18-FG5xSL18-SF-15-MG2","CrossesSL18-CC-3-FG1xSL18-OI-16-MG2"
"342","SL18-OI-18-FG6xSA18-CB-1-MG2","CrossesSL18-CC-3-FG2xSA18-CB-10-MG3"
"343","SL18-OI-18-FG6xSL18-NL-6-MG1","CrossesSL18-CC-3-FG2xSA18-CB-4-MG2"
"344","SL18-OI-2-FG2xSL18-LD-1-MG2","CrossesSL18-CC-3-FG2xSL18-OD-6-MG1"
"345","SL18-LD-1-FG1xSL18-NL-2-MG2","CrossesSL18-CC-3-FG2xSL18-OI-11-MG3"
"346","SL18-OI-2-FG3xSL18-NL-9-MG1","CrossesSL18-CC-3-FG3xSL18-OD-6-MG3"
"347","SL18-OI-2-FG3xSL18-SF-17-MG1","CrossesSL18-CC-5-FG1xSL18-JS-9-MG1"
"348","SL18-OI-6-FG1xSA18-CB-2-MG1","CrossesSL18-CC-5-FG2xSA18-CB-10-MG1"
"349","SL18-OI-6-FG1xSA18-CB-4-MG1","CrossesSL18-CC-5-FG2xSL18-NC-10-MG2"
"350","SL18-OI-6-FG1xSL18-LD-13-MG2","CrossesSL18-CC-5-FG2xSL18-NC-9-MG2"
"351","SL18-OI-6-FG1xSL18-LD-2-MG1","CrossesSL18-CC-5-FG3xSA18-CB-1-MG12"
"352","SL18-OI-6-FG1xSL18-LD-5-MG1","CrossesSL18-CC-5-FG3xSL18-JS-19-MG2"
"353","SL18-LD-1-FG1xSL18-OI-18-MG1","CrossesSL18-CC-5-FG3xSL18-JS-5-MG2"
"354","SL18-OI-6-FG1xSL18-NL-9-MG1","CrossesSL18-CC-5-FG3xSL18-OI-14-MG1"
"355","SL18-OI-6-FG1xSL18-SF-15-MG1","CrossesSL18-CC-6-FG1xSL18-JS-5-MG2"
"356","SL18-OI-6-FG1xSL18-SF-19-MG1","CrossesSL18-CC-6-FG2xSL18-OI-11-MG4"
"357","SL18-OI-7-FG3xSA18-CB-2-MG3","CrossesSL18-CC-6-FG2xSL18-OI-14-MG1"
"358","SL18-OI-9-FG1xSL18-LL-9-MG2","CrossesSL18-CC-6-FG3xSL18-JS-9-MG2"
"359","SL18-SF-13-FG1xSL18-LL-9-MG3","CrossesSL18-CC-6-FG3xSL18-OI-14-MG2"
"360","SL18-LD-1-FG2xSA18-CB-4-MG3","CrossesSL18-CC-8-FG1xSL18-NC-8-MG2"
"361","SL18-SF-17-FG1xSL18-LL-9-MG1","CrossesSL18-CC-8-FG1xSL18-OI-18-MG3"
"362","SL18-SF-17-FG3xSA18-CB-10-MG1","CrossesSL18-CC-8-FG1xSL18-OI-7-MG1"
"363","SL18-SF-17-FG3xSA18-CB-3-MG3","CrossesSL18-CC-8-FG2xSL18-JS-5-MG3"
"364","SL18-SF-17-FG3xSL18-LD-2-MG1","CrossesSL18-CC-8-FG2xSL18-LD-9-MG1"
"365","SL18-SF-17-FG3xSL18-NL-10-MG2","CrossesSL18-CC-8-FG2xSL18-NC-5-MG3"
"366","SL18-SF-17-FG3xSL18-NL-2-MG3","CrossesSL18-CC-9-FG3xSL18-JS-9-MG3"
"367","SL18-SF-17-FG3xSL18-NL-9-MG1","CrossesSL18-JS-16-FG1xSL18-CC-4-MG11"
"368","SL18-SF-17-FG3xSL18-OI-7-MG1","CrossesSL18-JS-16-FG1xSL18-LD-2-MG2"
"369","SL18-SF-17-FG3xSL18-OI-9-MG3","CrossesSL18-JS-16-FG3xSA18-CB-4-MG3"
"370","SA18-CB-10-FG2xSL18-LL-9-MG1","CrossesSL18-JS-16-FG3xSL18-NC-10-MG3"
"371","SL18-LD-1-FG2xSL18-SF-13-MG3","CrossesSL18-JS-16-FG3xSL18-OD-6-MG2"
"372","SL18-LD-1-FG2xSL18-SF-15-MG1","CrossesSL18-JS-19-FG2xSA18-CB-10-MG3"
"373","SL18-LD-1-FG3xSL18-NL-5-MG1","CrossesSL18-JS-19-FG3xSA18-CB-3-MG2"
"374","SL18-LD-1-FG3xSL18-OI-11-MG2","CrossesSL18-JS-19-FG3xSL18-LD-13-MG3"
"375","SL18-LD-1-FG3xSL18-OI-15-MG1","CrossesSL18-JS-19-FG3xSL18-OI-17-MG1"
"376","SL18-LD-1-FG3xSL18-OI-16-MG1","CrossesSL18-JS-5-FG1xSA18-CB-1-MG12"
"377","SL18-LD-1-FG3xSL18-OI-6-MG2","CrossesSL18-JS-5-FG1xSL18-LD-2-MG4"
"378","SL18-LD-1-FG3xSL18-OI-7-MG1","CrossesSL18-JS-5-FG1xSL18-OI-14-MG1"
"379","SL18-LD-1-FG3xSL18-OI-9-MG3","CrossesSL18-JS-5-FG2xSL18-OI-5-MG3"
"380","SA18-CB-4-FG3xSA18-CB-4-MG3","CrossesSL18-JS-9-FG3xSA18-CB-10-MG1"
"381","SL18-LD-1-FG3xSL18-NL-9-MG2","CrossesSL18-LD-1-FG1xSL18-NL-2-MG2"
"382","SL18-LD-1-FG3xSL18-OI-15-MG2","CrossesSL18-LD-1-FG1xSL18-OI-18-MG1"
"383","SL18-LD-2-FG2xSA18-CB-3-MG3","CrossesSL18-LD-1-FG2xSA18-CB-4-MG3"
"384","SL18-LD-2-FG2xSL18-LL-9-MG2","CrossesSL18-LD-1-FG2xSL18-SF-13-MG3"
"385","SL18-LD-2-FG2xSL18-NL-9-MG1","CrossesSL18-LD-1-FG2xSL18-SF-15-MG1"
"386","SL18-LD-2-FG2xSL18-SF-19-MG1","CrossesSL18-LD-1-FG3xSL18-NL-5-MG1"
"387","SL18-LD-3-FG1xSL18-NL-9-MG1","CrossesSL18-LD-1-FG3xSL18-NL-9-MG2"
"388","SL18-LD-3-FG1xSL18-SF-19-MG2","CrossesSL18-LD-1-FG3xSL18-OI-11-MG2"
"389","SL18-LD-3-FG2xSA18-CB-2-MG3","CrossesSL18-LD-1-FG3xSL18-OI-15-MG1"
"390","SL18-LD-3-FG2xSL18-LL-9-MG2","CrossesSL18-LD-1-FG3xSL18-OI-15-MG2"
"391","SL18-LD-3-FG2xSL18-SF-17-MG3","CrossesSL18-LD-1-FG3xSL18-OI-16-MG1"
"392","SL18-LD-4-FG1xSA18-CB-2-MG1","CrossesSL18-LD-1-FG3xSL18-OI-6-MG2"
"393","SL18-LD-4-FG1xSL18-NL-3-MG2","CrossesSL18-LD-1-FG3xSL18-OI-7-MG1"
"394","SL18-LD-4-FG2xSL18-LL-9-MG1","CrossesSL18-LD-1-FG3xSL18-OI-9-MG3"
"395","SL18-LD-4-FG2xSL18-SF-15-MG2","CrossesSL18-LD-10-FG1xSA18-CB-1-MG2"
"396","SL18-LD-4-FG3xSL18-SF-17-MG1","CrossesSL18-LD-10-FG1xSL18-OI-18-MG1"
"397","SL18-LD-5-FG1xSA18-CB-10-MG1","CrossesSL18-LD-10-FG1xSL18-OI-4-MG1"
"398","SA18-CB-7-FG1xSL18-LL-9-MG3","CrossesSL18-LD-10-FG2xSA18-CB-7-MG2"
"399","SL18-LD-9-FG2xSL18-SF-13-MG3","CrossesSL18-LD-10-FG2xSL18-NL-3-MG2"
"400","SL18-LD-9-FG3xSL18-NL-7-MG1","CrossesSL18-LD-13-FG2xSA18-CB-7-MG1"
"401","SL18-LD-9-FG3xSL18-SF-17-MG1","CrossesSL18-LD-13-FG2xSL18-LD-13-MG2"
"402","SL18-LL-9-FG3xSL18-NL-9-MG1","CrossesSL18-LD-2-FG2xSA18-CB-3-MG3"
"403","SL18-NL-10-FG1xSA18-CB-4-MG3","CrossesSL18-LD-2-FG2xSL18-LL-9-MG2"
"404","SL18-NL-10-FG1xSL18-LD-2-MG1","CrossesSL18-LD-2-FG2xSL18-NL-9-MG1"
"405","SL18-LD-10-FG1xSA18-CB-1-MG2","CrossesSL18-LD-2-FG2xSL18-SF-19-MG1"
"406","SL18-NL-10-FG1xSL18-OI-15-MG1","CrossesSL18-LD-3-FG1xSL18-NL-9-MG1"
"407","SL18-NL-10-FG1xSL18-OI-7-MG1","CrossesSL18-LD-3-FG1xSL18-SF-19-MG2"
"408","SL18-NL-10-FG1xSL18-SF-13-MG1","CrossesSL18-LD-3-FG2xSA18-CB-2-MG3"
"409","SL18-NL-10-FG3xSL18-NL-3-MG2","CrossesSL18-LD-3-FG2xSL18-LL-9-MG2"
"410","SL18-NL-2-FG1xSA18-CB-1-MG2","CrossesSL18-LD-3-FG2xSL18-SF-17-MG3"
"411","SL18-NL-2-FG1xSL18-LD-13-MG2","CrossesSL18-LD-4-FG1xSA18-CB-2-MG1"
"412","SL18-NL-2-FG1xSL18-SF-17-MG1","CrossesSL18-LD-4-FG1xSL18-NL-3-MG2"
"413","SL18-NL-2-FG3xSA18-CB-2-MG3","CrossesSL18-LD-4-FG2xSL18-LL-9-MG1"
"414","SL18-NL-2-FG3xSA18-CB-4-MG1","CrossesSL18-LD-4-FG2xSL18-SF-15-MG2"
"415","SL18-NL-2-FG3xSL18-LD-3-MG2","CrossesSL18-LD-4-FG3xSL18-SF-17-MG1"
"416","SL18-NL-2-FG3xSL18-OI-16-MG1","CrossesSL18-LD-5-FG1xSA18-CB-10-MG1"
"417","SL18-NL-3-FG1xSA18-CB-7-MG2","CrossesSL18-LD-9-FG2xSL18-SF-13-MG3"
"418","SL18-NL-3-FG1xSL18-OI-11-MG2","CrossesSL18-LD-9-FG3xSL18-NL-7-MG1"
"419","SL18-NL-3-FG1xSL18-SF-13-MG2","CrossesSL18-LD-9-FG3xSL18-SF-17-MG1"
"420","SL18-NL-3-FG2xSL18-SF-17-MG2","CrossesSL18-LD-9-FG4xSL18-OI-6-MG2"
"421","SL18-NL-3-FG3xSA18-CB-2-MG2","CrossesSL18-LL-9-FG2xSA18-CB-5-MG3"
"422","SL18-LD-10-FG1xSL18-OI-18-MG1","CrossesSL18-LL-9-FG3xSL18-NL-9-MG1"
"423","SL18-NL-6-FG1xSA18-CB-3-MG3","CrossesSL18-LL-9-FG6xSA18-CB-10-MG3"
"424","SL18-NL-6-FG1xSA18-CB-7-MG2","CrossesSL18-NC-1-FG1xSL18-NC-12-MG3"
"425","SL18-NL-6-FG1xSL18-LD-1-MG2","CrossesSL18-NC-10-FG1xSL18-NC-5-MG1"
"426","SL18-NL-6-FG1xSL18-LD-2-MG1","CrossesSL18-NC-10-FG1xSL18-OI-11-MG4"
"427","SL18-NL-6-FG1xSL18-LD-3-MG2","CrossesSL18-NC-10-FG3xSA18-CB-3-MG2"
"428","SL18-NL-6-FG1xSL18-NL-2-MG1","CrossesSL18-NC-10-FG3xSL18-NL-5-MG2"
"429","SL18-OI-11-FG3xSL18-CC-1-MG3","CrossesSL18-NC-11-FG1xSL18-NL-2-MG1"
"430","SL18-JS-16-FG3xSL18-NC-10-MG3","CrossesSL18-NC-12-FG2xSA18-CB-3-MG1"
"431","SL18-OI-5-FG5xSA18-CB-7-MG3","CrossesSL18-NC-12-FG2xSA18-CB-4-MG3"
"432","SL18-CC-1-FG2xSL18-OI-16-MG1","CrossesSL18-NC-12-FG2xSL18-NL-5-MG2"
"433","SL18-NC-11-FG1xSL18-NL-2-MG1","CrossesSL18-NC-12-FG2xSL18-OI-16-MG1"
"434","SL18-CC-5-FG2xSA18-CB-10-MG1","CrossesSL18-NC-15-FG3xSL18-CC-1-MG2"
"435","SL18-CC-5-FG3xSL18-OI-14-MG1","CrossesSL18-NC-5-FG2xSL18-JS-11-MG3"
"436","SL18-CC-11-FG3xSL18-CC-3-MG1","CrossesSL18-NC-5-FG3xSL18-OI-2-MG2"
"437","SL18-CC-11-FG3xSA18-CB-3-MG3","CrossesSL18-NC-8-FG1xSL18-NL-7-MG2"
"438","SL18-JS-16-FG1xSL18-CC-4-MG11","CrossesSL18-NC-9-FG2xSL18-JS-11-MG3"
"439","SL18-CC-11-FG3xSL18-JS-16-MG1","CrossesSL18-NL-10-FG1xSA18-CB-4-MG3"
"440","SL18-NC-12-FG2xSA18-CB-4-MG3","CrossesSL18-NL-10-FG1xSL18-LD-2-MG1"
"441","SL18-OD-5-FG1xSL18-CC-8-MG2","CrossesSL18-NL-10-FG1xSL18-OI-15-MG1"
"442","SL18-CC-1-FG3xSL18-OI-9-MG2","CrossesSL18-NL-10-FG1xSL18-OI-7-MG1"
"443","SA18-CB-9-FG1xSL18-JS-5-MG3","CrossesSL18-NL-10-FG1xSL18-SF-13-MG1"
"444","SL18-CC-5-FG1xSL18-JS-9-MG1","CrossesSL18-NL-10-FG3xSL18-NL-3-MG2"
"445","SL18-CC-12-FG3xSL18-OI-15-MG2","CrossesSL18-NL-2-FG1xSA18-CB-1-MG2"
"446","SL18-SF-17-FG2xSL18-NC-1-MG1","CrossesSL18-NL-2-FG1xSL18-LD-13-MG2"
"447","SL18-JS-5-FG1xSL18-LD-2-MG4","CrossesSL18-NL-2-FG1xSL18-SF-17-MG1"
"448","SL18-OD-5-FG3xSA18-CB-1-MG12","CrossesSL18-NL-2-FG3xSA18-CB-2-MG3"
"449","SL18-CC-5-FG3xSL18-JS-5-MG2","CrossesSL18-NL-2-FG3xSA18-CB-4-MG1"
"450","SL18-SF-13-FG1xSA18-CB-7-MG1","CrossesSL18-NL-2-FG3xSL18-LD-3-MG2"
"451","SL18-LL-9-FG6xSA18-CB-10-MG3","CrossesSL18-NL-2-FG3xSL18-OI-16-MG1"
"452","SL18-OI-15-FG2xSA18-CB-2-MG3","CrossesSL18-NL-3-FG1xSA18-CB-7-MG2"
"453","SA18-CB-2-FG3xSL18-NC-9-MG1","CrossesSL18-NL-3-FG1xSL18-OD-3-MG1"
"454","SA18-CB-5-FG4xSL18-CC-1-MG3","CrossesSL18-NL-3-FG1xSL18-OI-11-MG2"
"455","SL18-CC-3-FG1xSL18-JS-6-MG3","CrossesSL18-NL-3-FG1xSL18-OI-7-MG3"
"456","SL18-JS-16-FG1xSL18-LD-2-MG2","CrossesSL18-NL-3-FG1xSL18-SF-13-MG2"
"457","SL18-NC-10-FG1xSL18-NC-5-MG1","CrossesSL18-NL-3-FG2xSL18-SF-17-MG2"
"458","SL18-OI-17-FG4xSL18-JS-6-MG2","CrossesSL18-NL-3-FG3xSA18-CB-2-MG2"
"459","SL18-CC-1-FG2xSL18-OI-16-MG3","CrossesSL18-NL-3-FG3xSL18-NC-9-MG2"
"460","SA18-CB-2-FG3xSL18-OI-2-MG2","CrossesSL18-NL-5-FG1xSL18-OI-14-MG1"
"461","SL18-CC-5-FG3xSL18-JS-19-MG2","CrossesSL18-NL-6-FG1xSA18-CB-3-MG3"
"462","SL18-CC-3-FG2xSA18-CB-10-MG3","CrossesSL18-NL-6-FG1xSA18-CB-7-MG2"
"463","SL18-CC-1-FG1xSL18-OI-16-MG3","CrossesSL18-NL-6-FG1xSL18-LD-1-MG2"
"464","SL18-JS-16-FG3xSL18-OD-6-MG2","CrossesSL18-NL-6-FG1xSL18-LD-2-MG1"
"465","SL18-OI-4-FG2xSL18-NC-15-MG1","CrossesSL18-NL-6-FG1xSL18-LD-3-MG2"
"466","SL18-NC-12-FG2xSL18-OI-16-MG1","CrossesSL18-NL-6-FG1xSL18-NL-2-MG1"
"467","SL18-CC-8-FG2xSL18-JS-5-MG3","CrossesSL18-NL-6-FG1xSL18-OI-11-MG2"
"468","SL18-OI-4-FG2xSL18-JS-19-MG2","CrossesSL18-NL-6-FG1xSL18-OI-14-MG2"
"469","SL18-OI-6-FG2xSA18-CB-4-MG2","CrossesSL18-NL-6-FG1xSL18-OI-15-MG1"
"470","SL18-CC-3-FG1xSL18-JS-5-MG2","CrossesSL18-NL-6-FG1xSL18-OI-16-MG1"
"471","SL18-CC-3-FG2xSL18-OD-6-MG1","CrossesSL18-NL-6-FG1xSL18-SF-17-MG1"
"472","SL18-LD-13-FG2xSA18-CB-7-MG1","CrossesSL18-NL-6-FG1xSL18-SF-19-MG2"
"473","SL18-OI-6-FG2xSL18-LD-2-MG2","CrossesSL18-NL-7-FG4xSA18-CB-1-MG12"
"474","SL18-CC-12-FG3xSL18-OI-15-MG3","CrossesSL18-NL-9-FG2xSA18-CB-7-MG1"
"475","SL18-CC-11-FG3xSL18-NC-2-MG3","CrossesSL18-NL-9-FG2xSL18-SF-19-MG1"
"476","SL18-CC-12-FG2xSL18-OI-15-MG2","CrossesSL18-OD-5-FG1xSL18-CC-8-MG2"
"477","SL18-SF-17-FG2xSA18-CB-1-MG13","CrossesSL18-OD-5-FG3xSA18-CB-1-MG12"
"478","SL18-SF-17-FG2xSL18-OI-4-MG3","CrossesSL18-OI-11-FG1xSL18-SF-15-MG2"
"479","SL18-NC-10-FG3xSL18-NL-5-MG2","CrossesSL18-OI-11-FG3xSL18-CC-1-MG3"
"480","SL18-CC-8-FG2xSL18-LD-9-MG1","CrossesSL18-OI-11-FG3xSL18-NC-2-MG1"
"481","SL18-NL-3-FG3xSL18-NC-9-MG2","CrossesSL18-OI-15-FG1xSA18-CB-2-MG3"
"482","SL18-OI-6-FG3xSL18-CC-11-MG5","CrossesSL18-OI-15-FG1xSL18-NL-5-MG1"
"483","SL18-CC-8-FG1xSL18-OI-7-MG1","CrossesSL18-OI-15-FG1xSL18-SF-15-MG1"
"484","SL18-JS-5-FG1xSL18-OI-14-MG1","CrossesSL18-OI-15-FG2xSA18-CB-2-MG3"
"485","SL18-NC-10-FG1xSL18-OI-11-MG4","CrossesSL18-OI-16-FG2xSL18-OI-18-MG1"
"486","SL18-SF-17-FG2xSA18-CB-7-MG2","CrossesSL18-OI-16-FG3xSA18-CB-4-MG3"
"487","SL18-CC-9-FG3xSL18-JS-9-MG3","CrossesSL18-OI-16-FG3xSA18-CB-5-MG3"
"488","SL18-CC-5-FG2xSL18-NC-10-MG2","CrossesSL18-OI-16-FG3xSL18-LD-3-MG2"
"489","SL18-OI-11-FG3xSL18-NC-2-MG1","CrossesSL18-OI-16-FG3xSL18-NL-6-MG1"
"490","SL18-NC-9-FG2xSL18-JS-11-MG3","CrossesSL18-OI-16-FG3xSL18-SF-17-MG2"
"491","SL18-LD-9-FG4xSL18-OI-6-MG2","CrossesSL18-OI-17-FG1xSL18-OI-4-MG1"
"492","SL18-CC-3-FG2xSL18-OI-11-MG3","CrossesSL18-OI-17-FG1xSL18-SF-13-MG2"
"493","SL18-OI-9-FG4xSA18-CB-1-MG12","CrossesSL18-OI-17-FG2xSL18-SF-17-MG2"
"494","SL18-CC-3-FG2xSA18-CB-4-MG2","CrossesSL18-OI-17-FG4xSL18-CC-7-MG1"
"495","SL18-NC-5-FG2xSL18-JS-11-MG3","CrossesSL18-OI-17-FG4xSL18-JS-6-MG2"
"496","SL18-CC-8-FG1xSL18-OI-18-MG3","CrossesSL18-OI-18-FG1xSL18-OI-9-MG3"
"497","SL18-CC-6-FG3xSL18-JS-9-MG2","CrossesSL18-OI-18-FG2xSA18-CB-7-MG1"
"498","SL18-NL-7-FG4xSA18-CB-1-MG12","CrossesSL18-OI-18-FG2xSL18-LD-10-MG1"
"499","SL18-CC-1-FG1xSL18-NC-15-MG3","CrossesSL18-OI-18-FG2xSL18-LD-2-MG3"
"500","SL18-CC-1-FG1xSL18-CC-4-MG11","CrossesSL18-OI-18-FG2xSL18-LD-9-MG1"
"501","SL18-CC-5-FG2xSL18-NC-9-MG2","CrossesSL18-OI-18-FG2xSL18-NL-2-MG2"
"502","SA18-CB-9-FG1xSL18-JS-19-MG1","CrossesSL18-OI-18-FG3xSL18-LL-9-MG1"
"503","SL18-NL-3-FG1xSL18-OD-3-MG1","CrossesSL18-OI-18-FG3xSL18-OI-7-MG1"
"504","SL18-CC-5-FG3xSA18-CB-1-MG12","CrossesSL18-OI-18-FG5xSA18-CB-4-MG3"
"505","SL18-CC-8-FG2xSL18-NC-5-MG3","CrossesSL18-OI-18-FG5xSL18-LD-2-MG1"
"506","SL18-CC-6-FG3xSL18-OI-14-MG2","CrossesSL18-OI-18-FG5xSL18-SF-15-MG2"
"507","SL18-NC-12-FG2xSA18-CB-3-MG1","CrossesSL18-OI-18-FG6xSA18-CB-1-MG2"
"508","SL18-CC-3-FG3xSL18-OD-6-MG3","CrossesSL18-OI-18-FG6xSL18-NL-6-MG1"
"509","SL18-CC-6-FG2xSL18-OI-14-MG1","CrossesSL18-OI-2-FG2xSL18-LD-1-MG2"
"510","SL18-JS-19-FG3xSA18-CB-3-MG2","CrossesSL18-OI-2-FG3xSL18-NL-9-MG1"
"511","SL18-NC-12-FG2xSL18-NL-5-MG2","CrossesSL18-OI-2-FG3xSL18-SF-17-MG1"
"512","SL18-JS-5-FG1xSA18-CB-1-MG12","CrossesSL18-OI-4-FG2xSA18-CB-7-MG2"
"513","SL18-JS-16-FG3xSA18-CB-4-MG3","CrossesSL18-OI-4-FG2xSL18-JS-19-MG2"
"514","SL18-OI-4-FG2xSA18-CB-7-MG2","CrossesSL18-OI-4-FG2xSL18-NC-15-MG1"
"515","SL18-NC-1-FG1xSL18-NC-12-MG3","CrossesSL18-OI-5-FG5xSA18-CB-7-MG3"
"516","SL18-NC-15-FG3xSL18-CC-1-MG2","CrossesSL18-OI-6-FG1xSA18-CB-2-MG1"
"517","SL18-SF-17-FG2xSL18-NC-12-MG1","CrossesSL18-OI-6-FG1xSA18-CB-4-MG1"
"518","SL18-LL-9-FG2xSA18-CB-5-MG3","CrossesSL18-OI-6-FG1xSL18-LD-13-MG2"
"519","SL18-SF-17-FG2xSA18-CB-7-MG3","CrossesSL18-OI-6-FG1xSL18-LD-2-MG1"
"520","SA18-CB-4-FG6xSL18-JS-6-MG3","CrossesSL18-OI-6-FG1xSL18-LD-5-MG1"
"521","SL18-CC-3-FG1xSL18-JS-11-MG2","CrossesSL18-OI-6-FG1xSL18-NL-9-MG1"
"522","SA18-CB-5-FG6xSL18-CC-6-MG2","CrossesSL18-OI-6-FG1xSL18-SF-15-MG1"
"523","SL18-JS-19-FG3xSL18-OI-17-MG1","CrossesSL18-OI-6-FG1xSL18-SF-19-MG1"
"524","SL18-OI-17-FG4xSL18-CC-7-MG1","CrossesSL18-OI-6-FG2xSA18-CB-4-MG2"
"525","SL18-OI-17-FG1xSL18-OI-4-MG1","CrossesSL18-OI-6-FG2xSL18-LD-2-MG2"
"526","SL18-CC-6-FG2xSL18-OI-11-MG4","CrossesSL18-OI-6-FG3xSL18-CC-11-MG5"
"527","SL18-JS-9-FG3xSA18-CB-10-MG1","CrossesSL18-OI-6-FG3xSL18-JS-6-MG1"
"528","SL18-OI-6-FG3xSL18-JS-6-MG1","CrossesSL18-OI-7-FG3xSA18-CB-2-MG3"
"529","SL18-SF-13-FG2xSL18-JS-11-MG3","CrossesSL18-OI-9-FG1xSL18-LL-9-MG2"
"530","SL18-JS-19-FG3xSL18-LD-13-MG3","CrossesSL18-OI-9-FG4xSA18-CB-1-MG12"
"531","SA18-CB-2-FG3xSL18-CC-2-MG5","CrossesSL18-SF-13-FG1xSA18-CB-7-MG1"
"532","SA18-CB-9-FG1xSL18-OI-7-MG3","CrossesSL18-SF-13-FG1xSL18-LL-9-MG3"
"533","SL18-CC-3-FG1xSL18-OI-16-MG2","CrossesSL18-SF-13-FG2xSA18-CB-2-MG3"
"534","SL18-CC-8-FG1xSL18-NC-8-MG2","CrossesSL18-SF-13-FG2xSL18-JS-11-MG3"
"535","SL18-SF-13-FG2xSA18-CB-2-MG3","CrossesSL18-SF-13-FG2xSL18-JS-9-MG2"
"536","SL18-SF-13-FG2xSL18-JS-9-MG2","CrossesSL18-SF-17-FG1xSL18-LL-9-MG1"
"537","SL18-JS-19-FG2xSA18-CB-10-MG3","CrossesSL18-SF-17-FG2xSA18-CB-1-MG13"
"538","SL18-CC-6-FG1xSL18-JS-5-MG2","CrossesSL18-SF-17-FG2xSA18-CB-7-MG2"
"539","SL18-CC-12-FG2xSL18-LL-9-MG4","CrossesSL18-SF-17-FG2xSA18-CB-7-MG3"
"540","SL18-NL-3-FG1xSL18-OI-7-MG3","CrossesSL18-SF-17-FG2xSL18-NC-1-MG1"
"541","SL18-NL-5-FG1xSL18-OI-14-MG1","CrossesSL18-SF-17-FG2xSL18-NC-12-MG1"
"542","SL18-NC-8-FG1xSL18-NL-7-MG2","CrossesSL18-SF-17-FG2xSL18-OI-4-MG3"
"543","SL18-JS-5-FG2xSL18-OI-5-MG3","CrossesSL18-SF-17-FG3xSA18-CB-10-MG1"
"544","SL18-CC-10-FG4xSL18-NC-2-MG2","CrossesSL18-SF-17-FG3xSA18-CB-3-MG3"
"545","SL18-NC-5-FG3xSL18-OI-2-MG2","CrossesSL18-SF-17-FG3xSL18-LD-2-MG1"
"546","SL18-OI-16-FG2xSL18-OI-18-MG1","CrossesSL18-SF-17-FG3xSL18-NL-10-MG2"
"547","SL18-CC-1-FG2xSL18-NC-11-MG2","CrossesSL18-SF-17-FG3xSL18-NL-2-MG3"
"548","SL18-CC-12-FG3xSL18-NC-11-MG2","CrossesSL18-SF-17-FG3xSL18-NL-9-MG1"
"549","SA18-CB-7-FG1xSL18-LD-1-MG1","CrossesSL18-SF-17-FG3xSL18-OI-7-MG1"
"550","SL18-NC-10-FG3xSA18-CB-3-MG2","CrossesSL18-SF-17-FG3xSL18-OI-9-MG3"
